1,1920,BALTIMORE,181,733826
2,1920,BALTIMORE,274,734380.7846
3,1920,BALTIMORE,270,734932.2288
4,1920,BALTIMORE,323,735480.3461
5,1920,BALTIMORE,308,736025.1501
6,1920,BALTIMORE,372,736566.6544
7,1920,BALTIMORE,380,737104.8725
8,1920,BALTIMORE,528,737639.818
9,1920,BALTIMORE,560,738171.5045
10,1920,BALTIMORE,560,738699.9455
11,1920,BALTIMORE,503,739225.1545
12,1920,BALTIMORE,306,739747.1453
13,1920,BALTIMORE,158,740265.9312
14,1920,BALTIMORE,100,740781.526
15,1920,BALTIMORE,42,741293.943
16,1920,BALTIMORE,18,741803.196
17,1920,BALTIMORE,16,742309.2985
18,1920,BALTIMORE,16,742812.2639
19,1920,BALTIMORE,15,743312.106
20,1920,BALTIMORE,6,743808.8383
21,1920,BALTIMORE,12,744302.4742
22,1920,BALTIMORE,19,744793.0275
23,1920,BALTIMORE,15,745280.5116
24,1920,BALTIMORE,26,745764.9402
25,1920,BALTIMORE,38,746246.3267
26,1920,BALTIMORE,29,746724.6848
1,1920,BOSTON,520,748060
2,1920,BOSTON,640,748288.347
3,1920,BOSTON,604,748516.1637
4,1920,BOSTON,512,748743.447
5,1920,BOSTON,435,748970.1942
6,1920,BOSTON,401,749196.4023
7,1920,BOSTON,456,749422.0684
8,1920,BOSTON,466,749647.1896
9,1920,BOSTON,459,749871.763
10,1920,BOSTON,472,750095.7858
11,1920,BOSTON,444,750319.255
12,1920,BOSTON,305,750542.1678
13,1920,BOSTON,160,750764.5212
14,1920,BOSTON,106,750986.3124
15,1920,BOSTON,69,751207.5384
16,1920,BOSTON,27,751428.1964
17,1920,BOSTON,14,751648.2835
18,1920,BOSTON,12,751867.7967
19,1920,BOSTON,10,752086.7332
20,1920,BOSTON,16,752305.0901
21,1920,BOSTON,13,752522.8645
22,1920,BOSTON,16,752740.0534
23,1920,BOSTON,24,752956.6541
24,1920,BOSTON,45,753172.6636
25,1920,BOSTON,60,753388.0789
26,1920,BOSTON,77,753602.8973
1,1920,BRIDGEPORT,108,143555
2,1920,BRIDGEPORT,79,143647.6547
3,1920,BRIDGEPORT,38,143739.3198
4,1920,BRIDGEPORT,10,143829.9994
5,1920,BRIDGEPORT,7,143919.698
6,1920,BRIDGEPORT,6,144008.4196
7,1920,BRIDGEPORT,7,144096.1688
8,1920,BRIDGEPORT,8,144182.9496
9,1920,BRIDGEPORT,5,144268.7665
10,1920,BRIDGEPORT,3,144353.6236
11,1920,BRIDGEPORT,5,144437.5253
12,1920,BRIDGEPORT,2,144520.4758
13,1920,BRIDGEPORT,4,144602.4794
14,1920,BRIDGEPORT,NA,144683.5405
15,1920,BRIDGEPORT,4,144763.6632
16,1920,BRIDGEPORT,2,144842.8519
17,1920,BRIDGEPORT,2,144921.1108
18,1920,BRIDGEPORT,NA,144998.4443
19,1920,BRIDGEPORT,6,145074.8565
20,1920,BRIDGEPORT,NA,145150.3518
21,1920,BRIDGEPORT,8,145224.9345
22,1920,BRIDGEPORT,10,145298.6088
23,1920,BRIDGEPORT,2,145371.3791
24,1920,BRIDGEPORT,4,145443.2495
25,1920,BRIDGEPORT,NA,145514.2245
26,1920,BRIDGEPORT,2,145584.3081
1,1920,BUFFALO,62,506775
2,1920,BUFFALO,64,507104.9923
3,1920,BUFFALO,102,507434.8857
4,1920,BUFFALO,129,507764.6747
5,1920,BUFFALO,126,508094.3535
6,1920,BUFFALO,NA,508423.9167
7,1920,BUFFALO,NA,508753.3587
8,1920,BUFFALO,NA,509082.6738
9,1920,BUFFALO,NA,509411.8566
10,1920,BUFFALO,NA,509740.9013
11,1920,BUFFALO,610,510069.8025
12,1920,BUFFALO,536,510398.5546
13,1920,BUFFALO,NA,510727.1519
14,1920,BUFFALO,4,511055.5888
15,1920,BUFFALO,NA,511383.8599
16,1920,BUFFALO,34,511711.9595
17,1920,BUFFALO,16,512039.882
18,1920,BUFFALO,10,512367.6219
19,1920,BUFFALO,27,512695.1736
20,1920,BUFFALO,44,513022.5314
21,1920,BUFFALO,136,513349.6898
22,1920,BUFFALO,129,513676.6433
23,1920,BUFFALO,138,514003.3861
24,1920,BUFFALO,210,514329.9128
25,1920,BUFFALO,166,514656.2178
26,1920,BUFFALO,106,514982.2955
1,1920,CHICAGO,467,2701705
2,1920,CHICAGO,413,2704396.942
3,1920,CHICAGO,438,2707097.404
4,1920,CHICAGO,484,2709806.278
5,1920,CHICAGO,469,2712523.455
6,1920,CHICAGO,641,2715248.829
7,1920,CHICAGO,621,2717982.291
8,1920,CHICAGO,675,2720723.733
9,1920,CHICAGO,681,2723473.049
10,1920,CHICAGO,674,2726230.129
11,1920,CHICAGO,666,2728994.867
12,1920,CHICAGO,721,2731767.155
13,1920,CHICAGO,450,2734546.884
14,1920,CHICAGO,259,2737333.948
15,1920,CHICAGO,117,2740128.237
16,1920,CHICAGO,59,2742929.646
17,1920,CHICAGO,36,2745738.065
18,1920,CHICAGO,24,2748553.387
19,1920,CHICAGO,38,2751375.505
20,1920,CHICAGO,32,2754204.31
21,1920,CHICAGO,64,2757039.695
22,1920,CHICAGO,94,2759881.552
23,1920,CHICAGO,177,2762729.774
24,1920,CHICAGO,211,2765584.251
25,1920,CHICAGO,225,2768444.878
26,1920,CHICAGO,230,2771311.546
1,1920,CINCINNATI,148,401247
2,1920,CINCINNATI,305,401444.2644
3,1920,CINCINNATI,420,401642.2607
4,1920,CINCINNATI,416,401840.9801
5,1920,CINCINNATI,361,402040.4134
6,1920,CINCINNATI,422,402240.5518
7,1920,CINCINNATI,381,402441.3862
8,1920,CINCINNATI,470,402642.9077
9,1920,CINCINNATI,410,402845.1072
10,1920,CINCINNATI,296,403047.9757
11,1920,CINCINNATI,189,403251.5044
12,1920,CINCINNATI,82,403455.6842
13,1920,CINCINNATI,57,403660.5061
14,1920,CINCINNATI,21,403865.9611
15,1920,CINCINNATI,3,404072.0402
16,1920,CINCINNATI,2,404278.7345
17,1920,CINCINNATI,NA,404486.035
18,1920,CINCINNATI,NA,404693.9326
19,1920,CINCINNATI,2,404902.4184
20,1920,CINCINNATI,2,405111.4835
21,1920,CINCINNATI,10,405321.1188
22,1920,CINCINNATI,4,405531.3153
23,1920,CINCINNATI,5,405742.064
24,1920,CINCINNATI,2,405953.356
25,1920,CINCINNATI,6,406165.1823
26,1920,CINCINNATI,4,406377.5339
1,1920,CLEVELAND,509,796841
2,1920,CLEVELAND,525,797588.9605
3,1920,CLEVELAND,376,798334.2194
4,1920,CLEVELAND,394,799076.7768
5,1920,CLEVELAND,261,799816.6327
6,1920,CLEVELAND,211,800553.7871
7,1920,CLEVELAND,203,801288.2401
8,1920,CLEVELAND,181,802019.9917
9,1920,CLEVELAND,145,802749.0419
10,1920,CLEVELAND,137,803475.3908
11,1920,CLEVELAND,138,804199.0383
12,1920,CLEVELAND,108,804919.9846
13,1920,CLEVELAND,60,805638.2295
14,1920,CLEVELAND,46,806353.7732
15,1920,CLEVELAND,23,807066.6157
16,1920,CLEVELAND,11,807776.757
17,1920,CLEVELAND,10,808484.1971
18,1920,CLEVELAND,9,809188.9361
19,1920,CLEVELAND,7,809890.974
20,1920,CLEVELAND,8,810590.3108
21,1920,CLEVELAND,7,811286.9466
22,1920,CLEVELAND,14,811980.8813
23,1920,CLEVELAND,30,812672.115
24,1920,CLEVELAND,36,813360.6478
25,1920,CLEVELAND,59,814046.4796
26,1920,CLEVELAND,31,814729.6104
1,1920,COLUMBUS,24,237031
2,1920,COLUMBUS,46,237264.0561
3,1920,COLUMBUS,92,237497.4416
4,1920,COLUMBUS,162,237731.1499
5,1920,COLUMBUS,188,237965.1751
6,1920,COLUMBUS,223,238199.5106
7,1920,COLUMBUS,309,238434.1504
8,1920,COLUMBUS,436,238669.088
9,1920,COLUMBUS,356,238904.3174
10,1920,COLUMBUS,220,239139.8321
11,1920,COLUMBUS,135,239375.6259
12,1920,COLUMBUS,40,239611.6926
13,1920,COLUMBUS,18,239848.0258
14,1920,COLUMBUS,3,240084.6194
15,1920,COLUMBUS,NA,240321.467
16,1920,COLUMBUS,2,240558.5624
17,1920,COLUMBUS,NA,240795.8993
18,1920,COLUMBUS,NA,241033.4715
19,1920,COLUMBUS,NA,241271.2726
20,1920,COLUMBUS,NA,241509.2964
21,1920,COLUMBUS,NA,241747.5367
22,1920,COLUMBUS,2,241985.9872
23,1920,COLUMBUS,2,242224.6416
24,1920,COLUMBUS,2,242463.4936
25,1920,COLUMBUS,NA,242702.537
26,1920,COLUMBUS,NA,242941.7655
1,1920,DENVER,12,256491
2,1920,DENVER,19,256614.1213
3,1920,DENVER,56,256737.3795
4,1920,DENVER,96,256860.7729
5,1920,DENVER,99,256984.2996
6,1920,DENVER,172,257107.9578
7,1920,DENVER,341,257231.7458
8,1920,DENVER,280,257355.6617
9,1920,DENVER,273,257479.7036
10,1920,DENVER,359,257603.8698
11,1920,DENVER,301,257728.1585
12,1920,DENVER,233,257852.5678
13,1920,DENVER,166,257977.0959
14,1920,DENVER,36,258101.7411
15,1920,DENVER,19,258226.5014
16,1920,DENVER,6,258351.3752
17,1920,DENVER,12,258476.3605
18,1920,DENVER,10,258601.4556
19,1920,DENVER,5,258726.6586
20,1920,DENVER,8,258851.9677
21,1920,DENVER,14,258977.3811
22,1920,DENVER,102,259102.8971
23,1920,DENVER,124,259228.5137
24,1920,DENVER,146,259354.2292
25,1920,DENVER,270,259480.0418
26,1920,DENVER,267,259605.9496
1,1920,DETROIT,222,993078
2,1920,DETROIT,194,995664.2511
3,1920,DETROIT,215,998253.4745
4,1920,DETROIT,243,1000845.602
5,1920,DETROIT,202,1003440.566
6,1920,DETROIT,313,1006038.298
7,1920,DETROIT,270,1008638.731
8,1920,DETROIT,281,1011241.796
9,1920,DETROIT,228,1013847.425
10,1920,DETROIT,30,1016455.55
11,1920,DETROIT,226,1019066.103
12,1920,DETROIT,159,1021679.017
13,1920,DETROIT,61,1024294.223
14,1920,DETROIT,36,1026911.653
15,1920,DETROIT,14,1029531.24
16,1920,DETROIT,8,1032152.914
17,1920,DETROIT,8,1034776.609
18,1920,DETROIT,6,1037402.256
19,1920,DETROIT,5,1040029.787
20,1920,DETROIT,4,1042659.135
21,1920,DETROIT,14,1045290.23
22,1920,DETROIT,24,1047923.006
23,1920,DETROIT,18,1050557.394
24,1920,DETROIT,23,1053193.326
25,1920,DETROIT,23,1055830.734
26,1920,DETROIT,23,1058469.551
1,1920,DULUTH,8,98917
2,1920,DULUTH,26,98960.70523
3,1920,DULUTH,5,99004.02825
4,1920,DULUTH,6,99046.97046
5,1920,DULUTH,8,99089.53325
6,1920,DULUTH,4,99131.71802
7,1920,DULUTH,3,99173.52618
8,1920,DULUTH,7,99214.95912
9,1920,DULUTH,8,99256.01824
10,1920,DULUTH,15,99296.70495
11,1920,DULUTH,10,99337.02063
12,1920,DULUTH,16,99376.9667
13,1920,DULUTH,16,99416.54454
14,1920,DULUTH,10,99455.75556
15,1920,DULUTH,4,99494.60116
16,1920,DULUTH,7,99533.08274
17,1920,DULUTH,10,99571.20169
18,1920,DULUTH,2,99608.95942
19,1920,DULUTH,2,99646.35732
20,1920,DULUTH,NA,99683.3968
21,1920,DULUTH,3,99720.07925
22,1920,DULUTH,2,99756.40607
23,1920,DULUTH,4,99792.37867
24,1920,DULUTH,2,99827.99843
25,1920,DULUTH,3,99863.26677
26,1920,DULUTH,NA,99898.18507
1,1920,FALL RIVER,5,120485
2,1920,FALL RIVER,9,120469.8422
3,1920,FALL RIVER,12,120454.542
4,1920,FALL RIVER,22,120439.1005
5,1920,FALL RIVER,26,120423.5189
6,1920,FALL RIVER,17,120407.7985
7,1920,FALL RIVER,13,120391.9405
8,1920,FALL RIVER,15,120375.9461
9,1920,FALL RIVER,16,120359.8165
10,1920,FALL RIVER,22,120343.5529
11,1920,FALL RIVER,26,120327.1566
12,1920,FALL RIVER,19,120310.6288
13,1920,FALL RIVER,36,120293.9706
14,1920,FALL RIVER,14,120277.1834
15,1920,FALL RIVER,10,120260.2683
16,1920,FALL RIVER,8,120243.2266
17,1920,FALL RIVER,5,120226.0594
18,1920,FALL RIVER,2,120208.768
19,1920,FALL RIVER,7,120191.3536
20,1920,FALL RIVER,9,120173.8175
21,1920,FALL RIVER,28,120156.1608
22,1920,FALL RIVER,37,120138.3847
23,1920,FALL RIVER,31,120120.4905
24,1920,FALL RIVER,29,120102.4794
25,1920,FALL RIVER,41,120084.3526
26,1920,FALL RIVER,62,120066.1114
1,1920,GRAND RAPIDS,16,137634
2,1920,GRAND RAPIDS,4,137762.738
3,1920,GRAND RAPIDS,68,137891.8922
4,1920,GRAND RAPIDS,147,138021.4568
5,1920,GRAND RAPIDS,231,138151.4263
6,1920,GRAND RAPIDS,276,138281.7948
7,1920,GRAND RAPIDS,348,138412.5567
8,1920,GRAND RAPIDS,563,138543.7063
9,1920,GRAND RAPIDS,702,138675.2378
10,1920,GRAND RAPIDS,634,138807.1455
11,1920,GRAND RAPIDS,274,138939.4238
12,1920,GRAND RAPIDS,141,139072.0669
13,1920,GRAND RAPIDS,49,139205.0692
14,1920,GRAND RAPIDS,13,139338.4248
15,1920,GRAND RAPIDS,13,139472.1282
16,1920,GRAND RAPIDS,4,139606.1735
17,1920,GRAND RAPIDS,2,139740.5551
18,1920,GRAND RAPIDS,2,139875.2674
19,1920,GRAND RAPIDS,2,140010.3045
20,1920,GRAND RAPIDS,2,140145.6607
21,1920,GRAND RAPIDS,2,140281.3304
22,1920,GRAND RAPIDS,4,140417.3079
23,1920,GRAND RAPIDS,2,140553.5874
24,1920,GRAND RAPIDS,2,140690.1633
25,1920,GRAND RAPIDS,2,140827.0297
26,1920,GRAND RAPIDS,4,140964.1811
1,1920,HARTFORD,4,138036
2,1920,HARTFORD,2,138187.0583
3,1920,HARTFORD,12,138337.8091
4,1920,HARTFORD,20,138488.2514
5,1920,HARTFORD,19,138638.3843
6,1920,HARTFORD,31,138788.2068
7,1920,HARTFORD,64,138937.7178
8,1920,HARTFORD,66,139086.9164
9,1920,HARTFORD,71,139235.8016
10,1920,HARTFORD,92,139384.3723
11,1920,HARTFORD,75,139532.6275
12,1920,HARTFORD,54,139680.5664
13,1920,HARTFORD,33,139828.1878
14,1920,HARTFORD,19,139975.4908
15,1920,HARTFORD,9,140122.4744
16,1920,HARTFORD,8,140269.1376
17,1920,HARTFORD,2,140415.4793
18,1920,HARTFORD,4,140561.4987
19,1920,HARTFORD,NA,140707.1946
20,1920,HARTFORD,NA,140852.5661
21,1920,HARTFORD,NA,140997.6122
22,1920,HARTFORD,NA,141142.332
23,1920,HARTFORD,NA,141286.7243
24,1920,HARTFORD,2,141430.7882
25,1920,HARTFORD,4,141574.5228
26,1920,HARTFORD,4,141717.927
1,1920,INDIANAPOLIS,33,314194
2,1920,INDIANAPOLIS,40,314470.0448
3,1920,INDIANAPOLIS,150,314745.3961
4,1920,INDIANAPOLIS,174,315020.0543
5,1920,INDIANAPOLIS,253,315294.02
6,1920,INDIANAPOLIS,442,315567.2936
7,1920,INDIANAPOLIS,881,315839.8759
8,1920,INDIANAPOLIS,1340,316111.7672
9,1920,INDIANAPOLIS,1254,316382.9681
10,1920,INDIANAPOLIS,994,316653.4792
11,1920,INDIANAPOLIS,770,316923.3009
12,1920,INDIANAPOLIS,294,317192.4339
13,1920,INDIANAPOLIS,125,317460.8786
14,1920,INDIANAPOLIS,28,317728.6357
15,1920,INDIANAPOLIS,7,317995.7055
16,1920,INDIANAPOLIS,12,318262.0887
17,1920,INDIANAPOLIS,4,318527.7858
18,1920,INDIANAPOLIS,NA,318792.7973
19,1920,INDIANAPOLIS,2,319057.1238
20,1920,INDIANAPOLIS,6,319320.7658
21,1920,INDIANAPOLIS,17,319583.7238
22,1920,INDIANAPOLIS,17,319845.9984
23,1920,INDIANAPOLIS,4,320107.5901
24,1920,INDIANAPOLIS,8,320368.4994
25,1920,INDIANAPOLIS,10,320628.7269
26,1920,INDIANAPOLIS,26,320888.2731
1,1920,KANSAS CITY,71,212793.5
2,1920,KANSAS CITY,170,212996.6884
3,1920,KANSAS CITY,148,213200.4227
4,1920,KANSAS CITY,129,213404.6947
5,1920,KANSAS CITY,97,213609.4965
6,1920,KANSAS CITY,112,213814.8201
7,1920,KANSAS CITY,98,214020.6574
8,1920,KANSAS CITY,81,214227.0005
9,1920,KANSAS CITY,57,214433.8413
10,1920,KANSAS CITY,46,214641.1718
11,1920,KANSAS CITY,30,214848.984
12,1920,KANSAS CITY,13,215057.27
13,1920,KANSAS CITY,16,215266.0216
14,1920,KANSAS CITY,8,215475.2309
15,1920,KANSAS CITY,4,215684.8898
16,1920,KANSAS CITY,4,215894.9904
17,1920,KANSAS CITY,32,216105.5247
18,1920,KANSAS CITY,2,216316.4845
19,1920,KANSAS CITY,4,216527.862
20,1920,KANSAS CITY,8,216739.6491
21,1920,KANSAS CITY,9,216951.8378
22,1920,KANSAS CITY,10,217164.4201
23,1920,KANSAS CITY,12,217377.3879
24,1920,KANSAS CITY,11,217590.7333
25,1920,KANSAS CITY,16,217804.4483
26,1920,KANSAS CITY,7,218018.5247
1,1920,LOS ANGELES,22,576673
2,1920,LOS ANGELES,44,578682.5361
3,1920,LOS ANGELES,63,580705.2605
4,1920,LOS ANGELES,110,582741.0676
5,1920,LOS ANGELES,106,584789.8521
6,1920,LOS ANGELES,81,586851.5086
7,1920,LOS ANGELES,154,588925.9318
8,1920,LOS ANGELES,158,591013.0162
9,1920,LOS ANGELES,167,593112.6565
10,1920,LOS ANGELES,223,595224.7473
11,1920,LOS ANGELES,312,597349.1831
12,1920,LOS ANGELES,227,599485.8587
13,1920,LOS ANGELES,217,601634.6687
14,1920,LOS ANGELES,164,603795.5076
15,1920,LOS ANGELES,73,605968.2701
16,1920,LOS ANGELES,38,608152.8507
17,1920,LOS ANGELES,39,610349.1442
18,1920,LOS ANGELES,22,612557.0451
19,1920,LOS ANGELES,28,614776.448
20,1920,LOS ANGELES,39,617007.2476
21,1920,LOS ANGELES,66,619249.3384
22,1920,LOS ANGELES,49,621502.6152
23,1920,LOS ANGELES,84,623766.9724
24,1920,LOS ANGELES,103,626042.3048
25,1920,LOS ANGELES,92,628328.5069
26,1920,LOS ANGELES,206,630625.4733
1,1920,MILWAUKEE,124,457147
2,1920,MILWAUKEE,92,457598.19
3,1920,MILWAUKEE,70,458051.2099
4,1920,MILWAUKEE,88,458506.0399
5,1920,MILWAUKEE,106,458962.66
6,1920,MILWAUKEE,151,459421.0501
7,1920,MILWAUKEE,198,459881.1904
8,1920,MILWAUKEE,377,460343.0608
9,1920,MILWAUKEE,860,460806.6414
10,1920,MILWAUKEE,1251,461271.9122
11,1920,MILWAUKEE,1102,461738.8532
12,1920,MILWAUKEE,731,462207.4446
13,1920,MILWAUKEE,326,462677.6662
14,1920,MILWAUKEE,165,463149.4981
15,1920,MILWAUKEE,64,463622.9205
16,1920,MILWAUKEE,17,464097.9132
17,1920,MILWAUKEE,6,464574.4563
18,1920,MILWAUKEE,4,465052.5299
19,1920,MILWAUKEE,11,465532.114
20,1920,MILWAUKEE,10,466013.1886
21,1920,MILWAUKEE,14,466495.7338
22,1920,MILWAUKEE,15,466979.7295
23,1920,MILWAUKEE,9,467465.1559
24,1920,MILWAUKEE,16,467951.9929
25,1920,MILWAUKEE,12,468440.2205
26,1920,MILWAUKEE,24,468929.8189
1,1920,MINNEAPOLIS,29,380582
2,1920,MINNEAPOLIS,30,380906.3687
3,1920,MINNEAPOLIS,57,381231.5148
4,1920,MINNEAPOLIS,57,381557.429
5,1920,MINNEAPOLIS,93,381884.102
6,1920,MINNEAPOLIS,119,382211.5248
7,1920,MINNEAPOLIS,157,382539.6879
8,1920,MINNEAPOLIS,266,382868.5823
9,1920,MINNEAPOLIS,298,383198.1986
10,1920,MINNEAPOLIS,311,383528.5276
11,1920,MINNEAPOLIS,241,383859.5602
12,1920,MINNEAPOLIS,218,384191.287
13,1920,MINNEAPOLIS,140,384523.6988
14,1920,MINNEAPOLIS,57,384856.7864
15,1920,MINNEAPOLIS,20,385190.5405
16,1920,MINNEAPOLIS,19,385524.952
17,1920,MINNEAPOLIS,4,385860.0116
18,1920,MINNEAPOLIS,6,386195.71
19,1920,MINNEAPOLIS,3,386532.0381
20,1920,MINNEAPOLIS,2,386868.9866
21,1920,MINNEAPOLIS,2,387206.5462
22,1920,MINNEAPOLIS,2,387544.7077
23,1920,MINNEAPOLIS,2,387883.462
24,1920,MINNEAPOLIS,4,388222.7997
25,1920,MINNEAPOLIS,5,388562.7116
26,1920,MINNEAPOLIS,4,388903.1886
1,1920,NASHVILLE,4,118342
2,1920,NASHVILLE,6,118421.1737
3,1920,NASHVILLE,5,118501.3973
4,1920,NASHVILLE,5,118582.6638
5,1920,NASHVILLE,6,118664.966
6,1920,NASHVILLE,8,118748.2971
7,1920,NASHVILLE,14,118832.6498
8,1920,NASHVILLE,13,118918.0172
9,1920,NASHVILLE,16,119004.3922
10,1920,NASHVILLE,26,119091.7678
11,1920,NASHVILLE,58,119180.1369
12,1920,NASHVILLE,43,119269.4924
13,1920,NASHVILLE,23,119359.8274
14,1920,NASHVILLE,19,119451.1347
15,1920,NASHVILLE,NA,119543.4074
16,1920,NASHVILLE,2,119636.6383
17,1920,NASHVILLE,NA,119730.8204
18,1920,NASHVILLE,2,119825.9467
19,1920,NASHVILLE,NA,119922.0102
20,1920,NASHVILLE,NA,120019.0037
21,1920,NASHVILLE,2,120116.9202
22,1920,NASHVILLE,NA,120215.7527
23,1920,NASHVILLE,NA,120315.4941
24,1920,NASHVILLE,2,120416.1374
25,1920,NASHVILLE,2,120517.6755
26,1920,NASHVILLE,2,120620.1014
1,1920,NEW HAVEN,141,162537
2,1920,NEW HAVEN,132,162595.8491
3,1920,NEW HAVEN,86,162653.9787
4,1920,NEW HAVEN,89,162711.3919
5,1920,NEW HAVEN,79,162768.0918
6,1920,NEW HAVEN,81,162824.0815
7,1920,NEW HAVEN,47,162879.3642
8,1920,NEW HAVEN,32,162933.943
9,1920,NEW HAVEN,64,162987.821
10,1920,NEW HAVEN,31,163041.0013
11,1920,NEW HAVEN,33,163093.4871
12,1920,NEW HAVEN,28,163145.2814
13,1920,NEW HAVEN,23,163196.3874
14,1920,NEW HAVEN,3,163246.8083
15,1920,NEW HAVEN,10,163296.5471
16,1920,NEW HAVEN,2,163345.607
17,1920,NEW HAVEN,2,163393.991
18,1920,NEW HAVEN,NA,163441.7024
19,1920,NEW HAVEN,NA,163488.7442
20,1920,NEW HAVEN,NA,163535.1196
21,1920,NEW HAVEN,NA,163580.8317
22,1920,NEW HAVEN,NA,163625.8835
23,1920,NEW HAVEN,2,163670.2783
24,1920,NEW HAVEN,NA,163714.0192
25,1920,NEW HAVEN,2,163757.1092
26,1920,NEW HAVEN,4,163799.5516
1,1920,NEW ORLEANS,10,387219
2,1920,NEW ORLEANS,4,387471.523
3,1920,NEW ORLEANS,8,387724.9867
4,1920,NEW ORLEANS,9,387979.3822
5,1920,NEW ORLEANS,15,388234.7007
6,1920,NEW ORLEANS,11,388490.9331
7,1920,NEW ORLEANS,6,388748.0706
8,1920,NEW ORLEANS,4,389006.1042
9,1920,NEW ORLEANS,13,389265.0252
10,1920,NEW ORLEANS,15,389524.8245
11,1920,NEW ORLEANS,12,389785.4933
12,1920,NEW ORLEANS,12,390047.0226
13,1920,NEW ORLEANS,38,390309.4036
14,1920,NEW ORLEANS,16,390572.6274
15,1920,NEW ORLEANS,24,390836.685
16,1920,NEW ORLEANS,12,391101.5675
17,1920,NEW ORLEANS,17,391367.2661
18,1920,NEW ORLEANS,16,391633.7718
19,1920,NEW ORLEANS,4,391901.0757
20,1920,NEW ORLEANS,8,392169.1689
21,1920,NEW ORLEANS,14,392438.0425
22,1920,NEW ORLEANS,25,392707.6877
23,1920,NEW ORLEANS,60,392978.0954
24,1920,NEW ORLEANS,131,393249.2568
25,1920,NEW ORLEANS,238,393521.1631
26,1920,NEW ORLEANS,304,393793.8052
1,1920,NEW YORK,3203,5620048
2,1920,NEW YORK,3968,5624519.025
3,1920,NEW YORK,3934,5629008.388
4,1920,NEW YORK,3850,5633515.926
5,1920,NEW YORK,2983,5638041.478
6,1920,NEW YORK,3067,5642584.881
7,1920,NEW YORK,2611,5647145.973
8,1920,NEW YORK,2583,5651724.592
9,1920,NEW YORK,2285,5656320.575
10,1920,NEW YORK,1914,5660933.761
11,1920,NEW YORK,1408,5665563.988
12,1920,NEW YORK,800,5670211.093
13,1920,NEW YORK,416,5674874.914
14,1920,NEW YORK,196,5679555.29
15,1920,NEW YORK,123,5684252.057
16,1920,NEW YORK,87,5688965.054
17,1920,NEW YORK,59,5693694.119
18,1920,NEW YORK,31,5698439.089
19,1920,NEW YORK,31,5703199.803
20,1920,NEW YORK,48,5707976.098
21,1920,NEW YORK,53,5712767.812
22,1920,NEW YORK,83,5717574.782
23,1920,NEW YORK,101,5722396.848
24,1920,NEW YORK,94,5727233.847
25,1920,NEW YORK,149,5732085.615
26,1920,NEW YORK,122,5736951.993
1,1920,NEWARK,346,414524
2,1920,NEWARK,550,414708.5556
3,1920,NEWARK,363,414892.7273
4,1920,NEWARK,443,415076.5128
5,1920,NEWARK,492,415259.9093
6,1920,NEWARK,580,415442.9146
7,1920,NEWARK,676,415625.526
8,1920,NEWARK,NA,415807.741
9,1920,NEWARK,NA,415989.5572
10,1920,NEWARK,500,416170.972
11,1920,NEWARK,498,416351.983
12,1920,NEWARK,188,416532.5876
13,1920,NEWARK,181,416712.7834
14,1920,NEWARK,121,416892.5678
15,1920,NEWARK,52,417071.9383
16,1920,NEWARK,43,417250.8925
17,1920,NEWARK,22,417429.4277
18,1920,NEWARK,2,417607.5416
19,1920,NEWARK,NA,417785.2316
20,1920,NEWARK,8,417962.4953
21,1920,NEWARK,7,418139.33
22,1920,NEWARK,14,418315.7333
23,1920,NEWARK,15,418491.7028
24,1920,NEWARK,22,418667.2359
25,1920,NEWARK,46,418842.33
26,1920,NEWARK,51,419016.9828
1,1920,PHILADELPHIA,660,1823779
2,1920,PHILADELPHIA,1048,1824662.727
3,1920,PHILADELPHIA,852,1825543.873
4,1920,PHILADELPHIA,1145,1826422.43
5,1920,PHILADELPHIA,1244,1827298.395
6,1920,PHILADELPHIA,1273,1828171.762
7,1920,PHILADELPHIA,1312,1829042.524
8,1920,PHILADELPHIA,1219,1829910.678
9,1920,PHILADELPHIA,1132,1830776.217
10,1920,PHILADELPHIA,964,1831639.136
11,1920,PHILADELPHIA,919,1832499.43
12,1920,PHILADELPHIA,553,1833357.093
13,1920,PHILADELPHIA,279,1834212.12
14,1920,PHILADELPHIA,144,1835064.505
15,1920,PHILADELPHIA,88,1835914.243
16,1920,PHILADELPHIA,45,1836761.329
17,1920,PHILADELPHIA,16,1837605.758
18,1920,PHILADELPHIA,7,1838447.523
19,1920,PHILADELPHIA,10,1839286.619
20,1920,PHILADELPHIA,9,1840123.042
21,1920,PHILADELPHIA,12,1840956.785
22,1920,PHILADELPHIA,10,1841787.843
23,1920,PHILADELPHIA,12,1842616.212
24,1920,PHILADELPHIA,16,1843441.884
25,1920,PHILADELPHIA,25,1844264.856
26,1920,PHILADELPHIA,36,1845085.121
1,1920,PITTSBURGH,153,588343
2,1920,PITTSBURGH,348,588549.5873
3,1920,PITTSBURGH,486,588758.7438
4,1920,PITTSBURGH,562,588970.4493
5,1920,PITTSBURGH,NA,589184.6834
6,1920,PITTSBURGH,NA,589401.4259
7,1920,PITTSBURGH,553,589620.6565
8,1920,PITTSBURGH,936,589842.3549
9,1920,PITTSBURGH,NA,590066.5008
10,1920,PITTSBURGH,NA,590293.0739
11,1920,PITTSBURGH,1280,590522.0539
12,1920,PITTSBURGH,927,590753.4206
13,1920,PITTSBURGH,325,590987.1536
14,1920,PITTSBURGH,221,591223.2328
15,1920,PITTSBURGH,195,591461.6377
16,1920,PITTSBURGH,65,591702.3481
17,1920,PITTSBURGH,32,591945.3437
18,1920,PITTSBURGH,30,592190.6042
19,1920,PITTSBURGH,5,592438.1094
20,1920,PITTSBURGH,20,592687.8389
21,1920,PITTSBURGH,18,592939.7724
22,1920,PITTSBURGH,14,593193.8898
23,1920,PITTSBURGH,60,593450.1706
24,1920,PITTSBURGH,33,593708.5946
25,1920,PITTSBURGH,8,593969.1415
26,1920,PITTSBURGH,NA,594231.7911
1,1920,PROVIDENCE,8,237595
2,1920,PROVIDENCE,44,237639.7929
3,1920,PROVIDENCE,38,237684.9837
4,1920,PROVIDENCE,44,237730.569
5,1920,PROVIDENCE,41,237776.5456
6,1920,PROVIDENCE,13,237822.9101
7,1920,PROVIDENCE,42,237869.6592
8,1920,PROVIDENCE,64,237916.7895
9,1920,PROVIDENCE,85,237964.2976
10,1920,PROVIDENCE,113,238012.1803
11,1920,PROVIDENCE,109,238060.4343
12,1920,PROVIDENCE,65,238109.0561
13,1920,PROVIDENCE,65,238158.0425
14,1920,PROVIDENCE,40,238207.3901
15,1920,PROVIDENCE,20,238257.0956
16,1920,PROVIDENCE,15,238307.1556
17,1920,PROVIDENCE,8,238357.5668
18,1920,PROVIDENCE,26,238408.3259
19,1920,PROVIDENCE,10,238459.4296
20,1920,PROVIDENCE,10,238510.8744
21,1920,PROVIDENCE,8,238562.6571
22,1920,PROVIDENCE,17,238614.7744
23,1920,PROVIDENCE,41,238667.2228
24,1920,PROVIDENCE,75,238719.9991
25,1920,PROVIDENCE,58,238773.0999
26,1920,PROVIDENCE,51,238826.522
1,1920,READING.US,2,107784
2,1920,READING.US,4,107812.6486
3,1920,READING.US,4,107841.1395
4,1920,READING.US,NA,107869.473
5,1920,READING.US,NA,107897.6497
6,1920,READING.US,NA,107925.6699
7,1920,READING.US,2,107953.534
8,1920,READING.US,4,107981.2426
9,1920,READING.US,NA,108008.796
10,1920,READING.US,NA,108036.1947
11,1920,READING.US,4,108063.439
12,1920,READING.US,4,108090.5295
13,1920,READING.US,NA,108117.4666
14,1920,READING.US,NA,108144.2506
15,1920,READING.US,NA,108170.8821
16,1920,READING.US,NA,108197.3614
17,1920,READING.US,NA,108223.689
18,1920,READING.US,2,108249.8654
19,1920,READING.US,NA,108275.8908
20,1920,READING.US,2,108301.7659
21,1920,READING.US,NA,108327.491
22,1920,READING.US,NA,108353.0665
23,1920,READING.US,NA,108378.4929
24,1920,READING.US,2,108403.7706
25,1920,READING.US,2,108428.9001
26,1920,READING.US,NA,108453.8817
1,1920,RICHMOND,99,171667
2,1920,RICHMOND,192,171773.0266
3,1920,RICHMOND,197,171878.3547
4,1920,RICHMOND,114,171982.9869
5,1920,RICHMOND,151,172086.9256
6,1920,RICHMOND,181,172190.1733
7,1920,RICHMOND,191,172292.7326
8,1920,RICHMOND,210,172394.6059
9,1920,RICHMOND,242,172495.7957
10,1920,RICHMOND,280,172596.3045
11,1920,RICHMOND,274,172696.1348
12,1920,RICHMOND,219,172795.289
13,1920,RICHMOND,98,172893.7698
14,1920,RICHMOND,45,172991.5794
15,1920,RICHMOND,11,173088.7206
16,1920,RICHMOND,4,173185.1956
17,1920,RICHMOND,4,173281.0071
18,1920,RICHMOND,NA,173376.1575
19,1920,RICHMOND,2,173470.6494
20,1920,RICHMOND,2,173564.4851
21,1920,RICHMOND,NA,173657.6672
22,1920,RICHMOND,NA,173750.1982
23,1920,RICHMOND,NA,173842.0806
24,1920,RICHMOND,2,173933.3168
25,1920,RICHMOND,NA,174023.9094
26,1920,RICHMOND,6,174113.8608
1,1920,ROCHESTER,269,295750
2,1920,ROCHESTER,300,295988.1262
3,1920,ROCHESTER,353,296225.2715
4,1920,ROCHESTER,295,296461.437
5,1920,ROCHESTER,252,296696.6239
6,1920,ROCHESTER,213,296930.8335
7,1920,ROCHESTER,207,297164.0669
8,1920,ROCHESTER,176,297396.3254
9,1920,ROCHESTER,119,297627.6102
10,1920,ROCHESTER,99,297857.9224
11,1920,ROCHESTER,69,298087.2634
12,1920,ROCHESTER,57,298315.6342
13,1920,ROCHESTER,35,298543.0361
14,1920,ROCHESTER,14,298769.4704
15,1920,ROCHESTER,11,298994.9382
16,1920,ROCHESTER,8,299219.4407
17,1920,ROCHESTER,3,299442.9791
18,1920,ROCHESTER,2,299665.5547
19,1920,ROCHESTER,2,299887.1687
20,1920,ROCHESTER,5,300107.8222
21,1920,ROCHESTER,5,300327.5165
22,1920,ROCHESTER,10,300546.2527
23,1920,ROCHESTER,NA,300764.0322
24,1920,ROCHESTER,6,300980.856
25,1920,ROCHESTER,11,301196.7255
26,1920,ROCHESTER,9,301411.6417
1,1920,SALT LAKE CITY,NA,118110
2,1920,SALT LAKE CITY,2,118199.8577
3,1920,SALT LAKE CITY,3,118289.9169
4,1920,SALT LAKE CITY,2,118380.175
5,1920,SALT LAKE CITY,2,118470.629
6,1920,SALT LAKE CITY,3,118561.2763
7,1920,SALT LAKE CITY,5,118652.1141
8,1920,SALT LAKE CITY,18,118743.1396
9,1920,SALT LAKE CITY,40,118834.3502
10,1920,SALT LAKE CITY,46,118925.7429
11,1920,SALT LAKE CITY,56,119017.3151
12,1920,SALT LAKE CITY,61,119109.064
13,1920,SALT LAKE CITY,61,119200.9869
14,1920,SALT LAKE CITY,48,119293.0809
15,1920,SALT LAKE CITY,30,119385.3433
16,1920,SALT LAKE CITY,16,119477.7714
17,1920,SALT LAKE CITY,4,119570.3624
18,1920,SALT LAKE CITY,NA,119663.1136
19,1920,SALT LAKE CITY,14,119756.0221
20,1920,SALT LAKE CITY,26,119849.0853
21,1920,SALT LAKE CITY,31,119942.3003
22,1920,SALT LAKE CITY,78,120035.6644
23,1920,SALT LAKE CITY,155,120129.1748
24,1920,SALT LAKE CITY,216,120222.8288
25,1920,SALT LAKE CITY,413,120316.6237
26,1920,SALT LAKE CITY,733,120410.5566
1,1920,SAN FRANCISCO,NA,506676
2,1920,SAN FRANCISCO,786,507186.5568
3,1920,SAN FRANCISCO,650,507699.1897
4,1920,SAN FRANCISCO,545,508213.8728
5,1920,SAN FRANCISCO,439,508730.5802
6,1920,SAN FRANCISCO,159,509249.286
7,1920,SAN FRANCISCO,67,509769.9644
8,1920,SAN FRANCISCO,39,510292.5894
9,1920,SAN FRANCISCO,23,510817.1353
10,1920,SAN FRANCISCO,12,511343.5761
11,1920,SAN FRANCISCO,15,511871.8859
12,1920,SAN FRANCISCO,9,512402.0389
13,1920,SAN FRANCISCO,11,512934.0092
14,1920,SAN FRANCISCO,7,513467.7709
15,1920,SAN FRANCISCO,3,514003.2982
16,1920,SAN FRANCISCO,5,514540.5652
17,1920,SAN FRANCISCO,7,515079.5459
18,1920,SAN FRANCISCO,5,515620.2145
19,1920,SAN FRANCISCO,12,516162.5452
20,1920,SAN FRANCISCO,5,516706.5121
21,1920,SAN FRANCISCO,4,517252.0893
22,1920,SAN FRANCISCO,4,517799.2508
23,1920,SAN FRANCISCO,6,518347.9709
24,1920,SAN FRANCISCO,11,518898.2237
25,1920,SAN FRANCISCO,7,519449.9832
26,1920,SAN FRANCISCO,8,520003.2237
1,1920,SEATTLE,382,315312
2,1920,SEATTLE,388,315548.1235
3,1920,SEATTLE,NA,315784.666
4,1920,SEATTLE,262,316021.6189
5,1920,SEATTLE,202,316258.9733
6,1920,SEATTLE,197,316496.7205
7,1920,SEATTLE,247,316734.8519
8,1920,SEATTLE,169,316973.3587
9,1920,SEATTLE,128,317212.2323
10,1920,SEATTLE,157,317451.4639
11,1920,SEATTLE,119,317691.0448
12,1920,SEATTLE,78,317930.9662
13,1920,SEATTLE,41,318171.2195
14,1920,SEATTLE,21,318411.796
15,1920,SEATTLE,10,318652.687
16,1920,SEATTLE,3,318893.8836
17,1920,SEATTLE,NA,319135.3773
18,1920,SEATTLE,NA,319377.1593
19,1920,SEATTLE,4,319619.221
20,1920,SEATTLE,4,319861.5534
21,1920,SEATTLE,2,320104.1481
22,1920,SEATTLE,4,320346.9962
23,1920,SEATTLE,3,320590.0891
24,1920,SEATTLE,NA,320833.418
25,1920,SEATTLE,4,321076.9742
26,1920,SEATTLE,10,321320.749
1,1920,SPOKANE,NA,104437
2,1920,SPOKANE,4,104471.6999
3,1920,SPOKANE,NA,104506.5865
4,1920,SPOKANE,67,104541.6583
5,1920,SPOKANE,51,104576.9137
6,1920,SPOKANE,160,104612.3514
7,1920,SPOKANE,370,104647.9698
8,1920,SPOKANE,398,104683.7676
9,1920,SPOKANE,266,104719.7433
10,1920,SPOKANE,271,104755.8953
11,1920,SPOKANE,88,104792.2223
12,1920,SPOKANE,38,104828.7228
13,1920,SPOKANE,26,104865.3953
14,1920,SPOKANE,13,104902.2384
15,1920,SPOKANE,4,104939.2505
16,1920,SPOKANE,2,104976.4303
17,1920,SPOKANE,6,105013.7763
18,1920,SPOKANE,2,105051.287
19,1920,SPOKANE,2,105088.9609
20,1920,SPOKANE,4,105126.7967
21,1920,SPOKANE,2,105164.7928
22,1920,SPOKANE,NA,105202.9478
23,1920,SPOKANE,3,105241.2601
24,1920,SPOKANE,8,105279.7285
25,1920,SPOKANE,2,105318.3513
26,1920,SPOKANE,6,105357.1272
1,1920,SPRINGFIELD,4,129614
2,1920,SPRINGFIELD,16,129750.3976
3,1920,SPRINGFIELD,48,129886.344
4,1920,SPRINGFIELD,56,130021.8391
5,1920,SPRINGFIELD,54,130156.883
6,1920,SPRINGFIELD,63,130291.4756
7,1920,SPRINGFIELD,76,130425.6171
8,1920,SPRINGFIELD,105,130559.3073
9,1920,SPRINGFIELD,161,130692.5463
10,1920,SPRINGFIELD,147,130825.3341
11,1920,SPRINGFIELD,149,130957.6707
12,1920,SPRINGFIELD,93,131089.5561
13,1920,SPRINGFIELD,55,131220.9903
14,1920,SPRINGFIELD,32,131351.9734
15,1920,SPRINGFIELD,13,131482.5052
16,1920,SPRINGFIELD,6,131612.5859
17,1920,SPRINGFIELD,2,131742.2154
18,1920,SPRINGFIELD,3,131871.3937
19,1920,SPRINGFIELD,4,132000.1209
20,1920,SPRINGFIELD,2,132128.397
21,1920,SPRINGFIELD,2,132256.2219
22,1920,SPRINGFIELD,NA,132383.5956
23,1920,SPRINGFIELD,NA,132510.5182
24,1920,SPRINGFIELD,4,132636.9897
25,1920,SPRINGFIELD,11,132763.0101
26,1920,SPRINGFIELD,2,132888.5793
1,1920,ST LOUIS,514,772897
2,1920,ST LOUIS,774,773182.1996
3,1920,ST LOUIS,1519,773467.1117
4,1920,ST LOUIS,1023,773751.7311
5,1920,ST LOUIS,1024,774036.0524
6,1920,ST LOUIS,1217,774320.0703
7,1920,ST LOUIS,998,774603.7794
8,1920,ST LOUIS,864,774887.1745
9,1920,ST LOUIS,631,775170.2503
10,1920,ST LOUIS,584,775453.0014
11,1920,ST LOUIS,382,775735.4224
12,1920,ST LOUIS,157,776017.5082
13,1920,ST LOUIS,74,776299.2532
14,1920,ST LOUIS,42,776580.6523
15,1920,ST LOUIS,13,776861.7001
16,1920,ST LOUIS,8,777142.3913
17,1920,ST LOUIS,7,777422.7205
18,1920,ST LOUIS,4,777702.6824
19,1920,ST LOUIS,15,777982.2718
20,1920,ST LOUIS,4,778261.4832
21,1920,ST LOUIS,6,778540.3115
22,1920,ST LOUIS,6,778818.7511
23,1920,ST LOUIS,6,779096.7969
24,1920,ST LOUIS,9,779374.4435
25,1920,ST LOUIS,7,779651.6856
26,1920,ST LOUIS,7,779928.5178
1,1920,TOLEDO,680,243164
2,1920,TOLEDO,468,243453.6393
3,1920,TOLEDO,453,243742.7243
4,1920,TOLEDO,535,244031.2516
5,1920,TOLEDO,399,244319.2182
6,1920,TOLEDO,343,244606.621
7,1920,TOLEDO,238,244893.4567
8,1920,TOLEDO,137,245179.7224
9,1920,TOLEDO,76,245465.4148
10,1920,TOLEDO,32,245750.5308
11,1920,TOLEDO,24,246035.0672
12,1920,TOLEDO,12,246319.021
13,1920,TOLEDO,22,246602.3889
14,1920,TOLEDO,8,246885.168
15,1920,TOLEDO,6,247167.3549
16,1920,TOLEDO,2,247448.9466
17,1920,TOLEDO,4,247729.9399
18,1920,TOLEDO,NA,248010.3318
19,1920,TOLEDO,NA,248290.119
20,1920,TOLEDO,2,248569.2984
21,1920,TOLEDO,2,248847.8669
22,1920,TOLEDO,2,249125.8214
23,1920,TOLEDO,NA,249403.1587
24,1920,TOLEDO,6,249679.8756
25,1920,TOLEDO,NA,249955.9691
26,1920,TOLEDO,NA,250231.436
1,1920,TRENTON,22,119289
2,1920,TRENTON,22,119339.151
3,1920,TRENTON,10,119388.8823
4,1920,TRENTON,4,119438.1957
5,1920,TRENTON,4,119487.0931
6,1920,TRENTON,3,119535.5761
7,1920,TRENTON,2,119583.6466
8,1920,TRENTON,6,119631.3063
9,1920,TRENTON,3,119678.557
10,1920,TRENTON,2,119725.4005
11,1920,TRENTON,2,119771.8387
12,1920,TRENTON,2,119817.8731
13,1920,TRENTON,3,119863.5058
14,1920,TRENTON,2,119908.7383
15,1920,TRENTON,NA,119953.5726
16,1920,TRENTON,NA,119998.0103
17,1920,TRENTON,2,120042.0534
18,1920,TRENTON,2,120085.7035
19,1920,TRENTON,NA,120128.9624
20,1920,TRENTON,NA,120171.8319
21,1920,TRENTON,NA,120214.3138
22,1920,TRENTON,NA,120256.4099
23,1920,TRENTON,NA,120298.122
24,1920,TRENTON,3,120339.4518
25,1920,TRENTON,3,120380.4011
26,1920,TRENTON,NA,120420.9718
1,1920,WASHINGTON,12,437571
2,1920,WASHINGTON,20,437828.6876
3,1920,WASHINGTON,33,438083.7122
4,1920,WASHINGTON,35,438336.0987
5,1920,WASHINGTON,22,438585.8719
6,1920,WASHINGTON,30,438833.0567
7,1920,WASHINGTON,36,439077.678
8,1920,WASHINGTON,36,439319.7606
9,1920,WASHINGTON,48,439559.3293
10,1920,WASHINGTON,35,439796.409
11,1920,WASHINGTON,29,440031.0246
12,1920,WASHINGTON,27,440263.2009
13,1920,WASHINGTON,28,440492.9627
14,1920,WASHINGTON,33,440720.335
15,1920,WASHINGTON,11,440945.3425
16,1920,WASHINGTON,16,441168.0101
17,1920,WASHINGTON,2,441388.3627
18,1920,WASHINGTON,4,441606.4251
19,1920,WASHINGTON,8,441822.2221
20,1920,WASHINGTON,4,442035.7787
21,1920,WASHINGTON,8,442247.1197
22,1920,WASHINGTON,21,442456.2698
23,1920,WASHINGTON,21,442663.2541
24,1920,WASHINGTON,24,442868.0972
25,1920,WASHINGTON,16,443070.8242
26,1920,WASHINGTON,13,443271.4598
1,1920,WORCESTER,NA,179754
2,1920,WORCESTER,12,179863.8359
3,1920,WORCESTER,6,179973.2945
4,1920,WORCESTER,4,180082.3756
5,1920,WORCESTER,2,180191.0792
6,1920,WORCESTER,4,180299.4051
7,1920,WORCESTER,4,180407.3531
8,1920,WORCESTER,NA,180514.9234
9,1920,WORCESTER,4,180622.1156
10,1920,WORCESTER,7,180728.9298
11,1920,WORCESTER,10,180835.3658
12,1920,WORCESTER,20,180941.4235
13,1920,WORCESTER,8,181047.1028
14,1920,WORCESTER,7,181152.4036
15,1920,WORCESTER,7,181257.3258
16,1920,WORCESTER,NA,181361.8694
17,1920,WORCESTER,NA,181466.0341
18,1920,WORCESTER,10,181569.82
19,1920,WORCESTER,4,181673.2269
20,1920,WORCESTER,6,181776.2547
21,1920,WORCESTER,4,181878.9032
22,1920,WORCESTER,7,181981.1725
23,1920,WORCESTER,7,182083.0624
24,1920,WORCESTER,2,182184.5728
25,1920,WORCESTER,8,182285.7036
26,1920,WORCESTER,2,182386.4546
